-- phpMyAdmin SQL Dump
-- version 5.2.1
-- https://www.phpmyadmin.net/
--
-- Servidor: 127.0.0.1
-- Tiempo de generación: 30-08-2025 a las 07:11:03
-- Versión del servidor: 10.4.32-MariaDB
-- Versión de PHP: 8.2.12

SET SQL_MODE = "NO_AUTO_VALUE_ON_ZERO";
START TRANSACTION;
SET time_zone = "+00:00";


/*!40101 SET @OLD_CHARACTER_SET_CLIENT=@@CHARACTER_SET_CLIENT */;
/*!40101 SET @OLD_CHARACTER_SET_RESULTS=@@CHARACTER_SET_RESULTS */;
/*!40101 SET @OLD_COLLATION_CONNECTION=@@COLLATION_CONNECTION */;
/*!40101 SET NAMES utf8mb4 */;

--
-- Base de datos: `tienda_sistema`
--

-- --------------------------------------------------------

--
-- Estructura de tabla para la tabla `categorias`
--

CREATE TABLE `categorias` (
  `id_categoria` int(11) NOT NULL,
  `nombre` varchar(100) NOT NULL,
  `activo` tinyint(1) NOT NULL DEFAULT 1 COMMENT '1 = Activo, 0 = Inactivo'
) ENGINE=InnoDB DEFAULT CHARSET=utf8mb4 COLLATE=utf8mb4_general_ci;

-- --------------------------------------------------------

--
-- Estructura de tabla para la tabla `clientes`
--

CREATE TABLE `clientes` (
  `id_cliente` int(11) NOT NULL,
  `nombre_cliente` varchar(150) NOT NULL,
  `documento_identidad` varchar(20) DEFAULT NULL,
  `telefono` varchar(20) DEFAULT NULL,
  `email` varchar(100) DEFAULT NULL,
  `direccion` text DEFAULT NULL,
  `activo` tinyint(1) NOT NULL DEFAULT 1
) ENGINE=InnoDB DEFAULT CHARSET=utf8mb4 COLLATE=utf8mb4_general_ci;

-- --------------------------------------------------------

--
-- Estructura de tabla para la tabla `compras`
--

CREATE TABLE `compras` (
  `id_compra` int(11) NOT NULL,
  `id_proveedor` int(11) NOT NULL,
  `id_usuario` int(11) NOT NULL,
  `fecha_compra` timestamp NOT NULL DEFAULT current_timestamp(),
  `total_compra` decimal(10,2) NOT NULL,
  `fecha_recepcion` timestamp NULL DEFAULT NULL,
  `estado` enum('solicitada','recibida','pagada') NOT NULL DEFAULT 'solicitada'
) ENGINE=InnoDB DEFAULT CHARSET=utf8mb4 COLLATE=utf8mb4_general_ci;

-- --------------------------------------------------------

--
-- Estructura de tabla para la tabla `detalle_compras`
--

CREATE TABLE `detalle_compras` (
  `id_detalle_compra` int(11) NOT NULL,
  `id_compra` int(11) NOT NULL,
  `id_producto` int(11) NOT NULL,
  `cantidad` int(11) NOT NULL,
  `costo_unitario` decimal(10,2) NOT NULL
) ENGINE=InnoDB DEFAULT CHARSET=utf8mb4 COLLATE=utf8mb4_general_ci;

-- --------------------------------------------------------

--
-- Estructura de tabla para la tabla `detalle_ventas`
--

CREATE TABLE `detalle_ventas` (
  `id_detalle_venta` int(11) NOT NULL,
  `id_venta` int(11) NOT NULL,
  `id_producto` int(11) NOT NULL,
  `cantidad` int(11) NOT NULL,
  `precio_unitario` decimal(10,2) NOT NULL,
  `descuento` decimal(10,2) NOT NULL DEFAULT 0.00
) ENGINE=InnoDB DEFAULT CHARSET=utf8mb4 COLLATE=utf8mb4_general_ci;

-- --------------------------------------------------------

--
-- Estructura de tabla para la tabla `movimientos_caja`
--

CREATE TABLE `movimientos_caja` (
  `id_movimiento_caja` int(11) NOT NULL,
  `id_turno` int(11) NOT NULL,
  `id_usuario` int(11) NOT NULL,
  `tipo_movimiento` enum('ingreso','egreso') NOT NULL,
  `monto` decimal(10,2) NOT NULL,
  `descripcion` varchar(255) NOT NULL,
  `fecha` timestamp NOT NULL DEFAULT current_timestamp()
) ENGINE=InnoDB DEFAULT CHARSET=utf8mb4 COLLATE=utf8mb4_general_ci;

-- --------------------------------------------------------

--
-- Estructura de tabla para la tabla `movimientos_inventario`
--

CREATE TABLE `movimientos_inventario` (
  `id_movimiento` int(11) NOT NULL,
  `id_producto` int(11) NOT NULL,
  `tipo_movimiento` enum('compra','venta','devolucion','ajuste_positivo','ajuste_negativo') NOT NULL,
  `cantidad` int(11) NOT NULL,
  `stock_anterior` int(11) NOT NULL,
  `stock_nuevo` int(11) NOT NULL,
  `fecha` timestamp NOT NULL DEFAULT current_timestamp(),
  `id_usuario` int(11) NOT NULL,
  `referencia_id` int(11) DEFAULT NULL COMMENT 'ID de la venta, compra o ajuste relacionado'
) ENGINE=InnoDB DEFAULT CHARSET=utf8mb4 COLLATE=utf8mb4_general_ci;

-- --------------------------------------------------------

--
-- Estructura de tabla para la tabla `permisos`
--

CREATE TABLE `permisos` (
  `id_permiso` int(11) NOT NULL,
  `nombre_permiso` varchar(100) NOT NULL COMMENT 'Ej: productos_crear, ventas_ver_reporte',
  `descripcion` varchar(255) DEFAULT NULL
) ENGINE=InnoDB DEFAULT CHARSET=utf8mb4 COLLATE=utf8mb4_general_ci;

--
-- Volcado de datos para la tabla `permisos`
--

INSERT INTO `permisos` (`id_permiso`, `nombre_permiso`, `descripcion`) VALUES
(1, 'dashboard_ver', 'Acceso al dashboard principal'),
(2, 'productos_ver_lista', 'Ver la lista de productos en el inventario'),
(3, 'productos_crear', 'Crear nuevos productos'),
(4, 'productos_editar', 'Editar productos existentes'),
(5, 'productos_eliminar', 'Eliminar productos'),
(6, 'ventas_crear', 'Acceder al POS y registrar nuevas ventas'),
(7, 'proveedores_ver_lista', 'Ver la lista de proveedores'),
(8, 'proveedores_crear_editar', 'Crear y editar proveedores'),
(10, 'compras_ver_lista', 'Ver la lista de órdenes de compra'),
(11, 'compras_crear', 'Crear nuevas órdenes de compra'),
(12, 'compras_recibir', 'Marcar órdenes de compra como recibidas y actualizar stock'),
(13, 'caja_gestionar', 'Abrir, cerrar y gestionar movimientos de caja'),
(14, 'reportes_ver_ventas', 'Ver el reporte de ventas'),
(15, 'reportes_ver_inventario', 'Ver el reporte de inventario'),
(16, 'admin_gestionar_roles', 'Permite editar los permisos de otros roles'),
(17, 'categorias_ver_lista', 'Ver la lista de categorías'),
(18, 'categorias_crear_editar', 'Crear y editar categorías'),
(19, 'categorias_cambiar_estado', 'Activar o desactivar categorías'),
(20, 'productos_cambiar_estado', 'Activar o desactivar productos'),
(21, 'proveedores_cambiar_estado', 'Activar o desactivar proveedores'),
(22, 'productos_ver_detalle', 'Ver el historial de movimientos (Kardex) de un producto'),
(23, 'ventas_ver_listado', 'Ver el historial de ventas realizadas'),
(24, 'clientes_ver_lista', 'Ver la lista de clientes'),
(25, 'clientes_crear_editar', 'Crear y editar clientes'),
(26, 'clientes_cambiar_estado', 'Activar o desactivar clientes'),
(27, 'usuarios_ver_lista', 'Ver la lista de usuarios del sistema'),
(28, 'usuarios_crear_editar', 'Crear y editar usuarios del sistema'),
(29, 'usuarios_cambiar_estado', 'Activar o desactivar usuarios'),
(30, 'reportes_ver_stock_bajo', 'Ver el reporte de productos con bajo stock');

-- --------------------------------------------------------

--
-- Estructura de tabla para la tabla `productos`
--

CREATE TABLE `productos` (
  `id_producto` int(11) NOT NULL,
  `codigo_barra` varchar(100) DEFAULT NULL,
  `nombre` varchar(255) NOT NULL,
  `descripcion` text DEFAULT NULL,
  `id_categoria` int(11) DEFAULT NULL,
  `id_proveedor_preferido` int(11) DEFAULT NULL,
  `precio_compra` decimal(10,2) NOT NULL DEFAULT 0.00,
  `precio_venta` decimal(10,2) NOT NULL,
  `stock` int(11) NOT NULL DEFAULT 0,
  `stock_minimo` int(11) NOT NULL DEFAULT 5,
  `activo` tinyint(1) NOT NULL DEFAULT 1 COMMENT '1 = Activo, 0 = Inactivo',
  `fecha_creacion` timestamp NOT NULL DEFAULT current_timestamp(),
  `fecha_actualizacion` timestamp NOT NULL DEFAULT current_timestamp() ON UPDATE current_timestamp()
) ENGINE=InnoDB DEFAULT CHARSET=utf8mb4 COLLATE=utf8mb4_general_ci;

-- --------------------------------------------------------

--
-- Estructura de tabla para la tabla `proveedores`
--

CREATE TABLE `proveedores` (
  `id_proveedor` int(11) NOT NULL,
  `nombre_proveedor` varchar(150) NOT NULL,
  `ruc` varchar(20) DEFAULT NULL,
  `telefono` varchar(20) DEFAULT NULL,
  `email` varchar(100) DEFAULT NULL,
  `direccion` text DEFAULT NULL,
  `activo` tinyint(1) NOT NULL DEFAULT 1 COMMENT '1 = Activo, 0 = Inactivo'
) ENGINE=InnoDB DEFAULT CHARSET=utf8mb4 COLLATE=utf8mb4_general_ci;

-- --------------------------------------------------------

--
-- Estructura de tabla para la tabla `roles`
--

CREATE TABLE `roles` (
  `id_rol` int(11) NOT NULL,
  `nombre_rol` varchar(50) NOT NULL COMMENT 'Ej: Administrador, Cajero, Almacenista'
) ENGINE=InnoDB DEFAULT CHARSET=utf8mb4 COLLATE=utf8mb4_general_ci;

--
-- Volcado de datos para la tabla `roles`
--

INSERT INTO `roles` (`id_rol`, `nombre_rol`) VALUES
(1, 'Administrador'),
(3, 'Almacenista'),
(2, 'Cajero');

-- --------------------------------------------------------

--
-- Estructura de tabla para la tabla `rol_permiso`
--

CREATE TABLE `rol_permiso` (
  `id_rol` int(11) NOT NULL,
  `id_permiso` int(11) NOT NULL
) ENGINE=InnoDB DEFAULT CHARSET=utf8mb4 COLLATE=utf8mb4_general_ci;

--
-- Volcado de datos para la tabla `rol_permiso`
--

INSERT INTO `rol_permiso` (`id_rol`, `id_permiso`) VALUES
(1, 1),
(1, 2),
(1, 3),
(1, 4),
(1, 5),
(1, 6),
(1, 7),
(1, 8),
(1, 10),
(1, 11),
(1, 12),
(1, 13),
(1, 14),
(1, 15),
(1, 16),
(1, 17),
(1, 18),
(1, 19),
(1, 20),
(1, 21),
(1, 22),
(1, 23),
(1, 24),
(1, 25),
(1, 26),
(1, 27),
(1, 28),
(1, 29),
(1, 30),
(2, 1),
(2, 2),
(2, 6),
(2, 13);

-- --------------------------------------------------------

--
-- Estructura de tabla para la tabla `turnos_caja`
--

CREATE TABLE `turnos_caja` (
  `id_turno` int(11) NOT NULL,
  `id_usuario` int(11) NOT NULL,
  `fecha_apertura` timestamp NOT NULL DEFAULT current_timestamp(),
  `monto_inicial` decimal(10,2) NOT NULL,
  `fecha_cierre` timestamp NULL DEFAULT NULL,
  `monto_final_sistema` decimal(10,2) DEFAULT NULL COMMENT 'Total calculado de ventas en efectivo',
  `monto_final_real` decimal(10,2) DEFAULT NULL COMMENT 'Total contado físicamente',
  `diferencia` decimal(10,2) DEFAULT NULL COMMENT 'Sobrante o faltante',
  `estado` enum('abierto','cerrado') NOT NULL DEFAULT 'abierto'
) ENGINE=InnoDB DEFAULT CHARSET=utf8mb4 COLLATE=utf8mb4_general_ci;

-- --------------------------------------------------------

--
-- Estructura de tabla para la tabla `usuarios`
--

CREATE TABLE `usuarios` (
  `id_usuario` int(11) NOT NULL,
  `nombre_completo` varchar(100) NOT NULL,
  `username` varchar(50) NOT NULL,
  `password` varchar(255) NOT NULL COMMENT 'Guardar siempre contraseñas hasheadas',
  `id_rol` int(11) NOT NULL,
  `moneda` varchar(5) NOT NULL DEFAULT '$' COMMENT 'Símbolo de la moneda preferida',
  `activo` tinyint(1) NOT NULL DEFAULT 1,
  `fecha_creacion` timestamp NOT NULL DEFAULT current_timestamp()
) ENGINE=InnoDB DEFAULT CHARSET=utf8mb4 COLLATE=utf8mb4_general_ci;

--
-- Volcado de datos para la tabla `usuarios`
--

INSERT INTO `usuarios` (`id_usuario`, `nombre_completo`, `username`, `password`, `id_rol`, `moneda`, `activo`, `fecha_creacion`) VALUES
(1, 'Admin Principal', 'admin', '$2y$10$TA0Omy23p3aChga8NXy/BObvjBFvxlAkd5OSeO4hWdlpfEGPvblYG', 1, 'S/', 1, '2025-08-26 07:40:26'),
(2, 'Carlos', 'cajero1', '$2y$10$Fjd9PBy.jgiLOxElm5FwNOrXPXSkikDKRLgwYhniq.YJClRYzFz9i', 2, '$', 1, '2025-08-28 15:27:06');

-- --------------------------------------------------------

--
-- Estructura de tabla para la tabla `ventas`
--

CREATE TABLE `ventas` (
  `id_venta` int(11) NOT NULL,
  `id_cliente` int(11) DEFAULT NULL COMMENT 'Puede ser nulo para ventas genéricas',
  `id_usuario` int(11) NOT NULL,
  `fecha_venta` timestamp NOT NULL DEFAULT current_timestamp(),
  `total_venta` decimal(10,2) NOT NULL,
  `metodo_pago` enum('efectivo','tarjeta_credito','tarjeta_debito','transferencia') NOT NULL,
  `estado` enum('completada','anulada') NOT NULL DEFAULT 'completada'
) ENGINE=InnoDB DEFAULT CHARSET=utf8mb4 COLLATE=utf8mb4_general_ci;

--
-- Índices para tablas volcadas
--

--
-- Indices de la tabla `categorias`
--
ALTER TABLE `categorias`
  ADD PRIMARY KEY (`id_categoria`),
  ADD UNIQUE KEY `nombre` (`nombre`);

--
-- Indices de la tabla `clientes`
--
ALTER TABLE `clientes`
  ADD PRIMARY KEY (`id_cliente`),
  ADD UNIQUE KEY `documento_identidad` (`documento_identidad`);

--
-- Indices de la tabla `compras`
--
ALTER TABLE `compras`
  ADD PRIMARY KEY (`id_compra`),
  ADD KEY `id_proveedor` (`id_proveedor`),
  ADD KEY `id_usuario` (`id_usuario`);

--
-- Indices de la tabla `detalle_compras`
--
ALTER TABLE `detalle_compras`
  ADD PRIMARY KEY (`id_detalle_compra`),
  ADD KEY `id_compra` (`id_compra`),
  ADD KEY `id_producto` (`id_producto`);

--
-- Indices de la tabla `detalle_ventas`
--
ALTER TABLE `detalle_ventas`
  ADD PRIMARY KEY (`id_detalle_venta`),
  ADD KEY `id_venta` (`id_venta`),
  ADD KEY `id_producto` (`id_producto`);

--
-- Indices de la tabla `movimientos_caja`
--
ALTER TABLE `movimientos_caja`
  ADD PRIMARY KEY (`id_movimiento_caja`),
  ADD KEY `id_turno` (`id_turno`),
  ADD KEY `id_usuario` (`id_usuario`);

--
-- Indices de la tabla `movimientos_inventario`
--
ALTER TABLE `movimientos_inventario`
  ADD PRIMARY KEY (`id_movimiento`),
  ADD KEY `id_producto` (`id_producto`),
  ADD KEY `id_usuario` (`id_usuario`);

--
-- Indices de la tabla `permisos`
--
ALTER TABLE `permisos`
  ADD PRIMARY KEY (`id_permiso`),
  ADD UNIQUE KEY `nombre_permiso` (`nombre_permiso`);

--
-- Indices de la tabla `productos`
--
ALTER TABLE `productos`
  ADD PRIMARY KEY (`id_producto`),
  ADD UNIQUE KEY `codigo_barra` (`codigo_barra`),
  ADD KEY `id_categoria` (`id_categoria`),
  ADD KEY `id_proveedor_preferido` (`id_proveedor_preferido`);

--
-- Indices de la tabla `proveedores`
--
ALTER TABLE `proveedores`
  ADD PRIMARY KEY (`id_proveedor`),
  ADD UNIQUE KEY `ruc` (`ruc`);

--
-- Indices de la tabla `roles`
--
ALTER TABLE `roles`
  ADD PRIMARY KEY (`id_rol`),
  ADD UNIQUE KEY `nombre_rol` (`nombre_rol`);

--
-- Indices de la tabla `rol_permiso`
--
ALTER TABLE `rol_permiso`
  ADD PRIMARY KEY (`id_rol`,`id_permiso`),
  ADD KEY `id_permiso` (`id_permiso`);

--
-- Indices de la tabla `turnos_caja`
--
ALTER TABLE `turnos_caja`
  ADD PRIMARY KEY (`id_turno`),
  ADD KEY `id_usuario` (`id_usuario`);

--
-- Indices de la tabla `usuarios`
--
ALTER TABLE `usuarios`
  ADD PRIMARY KEY (`id_usuario`),
  ADD UNIQUE KEY `username` (`username`),
  ADD KEY `id_rol` (`id_rol`);

--
-- Indices de la tabla `ventas`
--
ALTER TABLE `ventas`
  ADD PRIMARY KEY (`id_venta`),
  ADD KEY `id_cliente` (`id_cliente`),
  ADD KEY `id_usuario` (`id_usuario`);

--
-- AUTO_INCREMENT de las tablas volcadas
--

--
-- AUTO_INCREMENT de la tabla `categorias`
--
ALTER TABLE `categorias`
  MODIFY `id_categoria` int(11) NOT NULL AUTO_INCREMENT;

--
-- AUTO_INCREMENT de la tabla `clientes`
--
ALTER TABLE `clientes`
  MODIFY `id_cliente` int(11) NOT NULL AUTO_INCREMENT;

--
-- AUTO_INCREMENT de la tabla `compras`
--
ALTER TABLE `compras`
  MODIFY `id_compra` int(11) NOT NULL AUTO_INCREMENT;

--
-- AUTO_INCREMENT de la tabla `detalle_compras`
--
ALTER TABLE `detalle_compras`
  MODIFY `id_detalle_compra` int(11) NOT NULL AUTO_INCREMENT;

--
-- AUTO_INCREMENT de la tabla `detalle_ventas`
--
ALTER TABLE `detalle_ventas`
  MODIFY `id_detalle_venta` int(11) NOT NULL AUTO_INCREMENT;

--
-- AUTO_INCREMENT de la tabla `movimientos_caja`
--
ALTER TABLE `movimientos_caja`
  MODIFY `id_movimiento_caja` int(11) NOT NULL AUTO_INCREMENT;

--
-- AUTO_INCREMENT de la tabla `movimientos_inventario`
--
ALTER TABLE `movimientos_inventario`
  MODIFY `id_movimiento` int(11) NOT NULL AUTO_INCREMENT;

--
-- AUTO_INCREMENT de la tabla `permisos`
--
ALTER TABLE `permisos`
  MODIFY `id_permiso` int(11) NOT NULL AUTO_INCREMENT, AUTO_INCREMENT=31;

--
-- AUTO_INCREMENT de la tabla `productos`
--
ALTER TABLE `productos`
  MODIFY `id_producto` int(11) NOT NULL AUTO_INCREMENT;

--
-- AUTO_INCREMENT de la tabla `proveedores`
--
ALTER TABLE `proveedores`
  MODIFY `id_proveedor` int(11) NOT NULL AUTO_INCREMENT;

--
-- AUTO_INCREMENT de la tabla `roles`
--
ALTER TABLE `roles`
  MODIFY `id_rol` int(11) NOT NULL AUTO_INCREMENT, AUTO_INCREMENT=4;

--
-- AUTO_INCREMENT de la tabla `turnos_caja`
--
ALTER TABLE `turnos_caja`
  MODIFY `id_turno` int(11) NOT NULL AUTO_INCREMENT;

--
-- AUTO_INCREMENT de la tabla `usuarios`
--
ALTER TABLE `usuarios`
  MODIFY `id_usuario` int(11) NOT NULL AUTO_INCREMENT, AUTO_INCREMENT=3;

--
-- AUTO_INCREMENT de la tabla `ventas`
--
ALTER TABLE `ventas`
  MODIFY `id_venta` int(11) NOT NULL AUTO_INCREMENT;

--
-- Restricciones para tablas volcadas
--

--
-- Filtros para la tabla `compras`
--
ALTER TABLE `compras`
  ADD CONSTRAINT `compras_ibfk_1` FOREIGN KEY (`id_proveedor`) REFERENCES `proveedores` (`id_proveedor`),
  ADD CONSTRAINT `compras_ibfk_2` FOREIGN KEY (`id_usuario`) REFERENCES `usuarios` (`id_usuario`);

--
-- Filtros para la tabla `detalle_compras`
--
ALTER TABLE `detalle_compras`
  ADD CONSTRAINT `detalle_compras_ibfk_1` FOREIGN KEY (`id_compra`) REFERENCES `compras` (`id_compra`) ON DELETE CASCADE,
  ADD CONSTRAINT `detalle_compras_ibfk_2` FOREIGN KEY (`id_producto`) REFERENCES `productos` (`id_producto`);

--
-- Filtros para la tabla `detalle_ventas`
--
ALTER TABLE `detalle_ventas`
  ADD CONSTRAINT `detalle_ventas_ibfk_1` FOREIGN KEY (`id_venta`) REFERENCES `ventas` (`id_venta`) ON DELETE CASCADE,
  ADD CONSTRAINT `detalle_ventas_ibfk_2` FOREIGN KEY (`id_producto`) REFERENCES `productos` (`id_producto`);

--
-- Filtros para la tabla `movimientos_caja`
--
ALTER TABLE `movimientos_caja`
  ADD CONSTRAINT `movimientos_caja_ibfk_1` FOREIGN KEY (`id_turno`) REFERENCES `turnos_caja` (`id_turno`),
  ADD CONSTRAINT `movimientos_caja_ibfk_2` FOREIGN KEY (`id_usuario`) REFERENCES `usuarios` (`id_usuario`);

--
-- Filtros para la tabla `movimientos_inventario`
--
ALTER TABLE `movimientos_inventario`
  ADD CONSTRAINT `movimientos_inventario_ibfk_1` FOREIGN KEY (`id_producto`) REFERENCES `productos` (`id_producto`),
  ADD CONSTRAINT `movimientos_inventario_ibfk_2` FOREIGN KEY (`id_usuario`) REFERENCES `usuarios` (`id_usuario`);

--
-- Filtros para la tabla `productos`
--
ALTER TABLE `productos`
  ADD CONSTRAINT `productos_ibfk_1` FOREIGN KEY (`id_categoria`) REFERENCES `categorias` (`id_categoria`) ON DELETE SET NULL,
  ADD CONSTRAINT `productos_ibfk_2` FOREIGN KEY (`id_proveedor_preferido`) REFERENCES `proveedores` (`id_proveedor`) ON DELETE SET NULL;

--
-- Filtros para la tabla `rol_permiso`
--
ALTER TABLE `rol_permiso`
  ADD CONSTRAINT `rol_permiso_ibfk_1` FOREIGN KEY (`id_rol`) REFERENCES `roles` (`id_rol`) ON DELETE CASCADE,
  ADD CONSTRAINT `rol_permiso_ibfk_2` FOREIGN KEY (`id_permiso`) REFERENCES `permisos` (`id_permiso`) ON DELETE CASCADE;

--
-- Filtros para la tabla `turnos_caja`
--
ALTER TABLE `turnos_caja`
  ADD CONSTRAINT `turnos_caja_ibfk_1` FOREIGN KEY (`id_usuario`) REFERENCES `usuarios` (`id_usuario`);

--
-- Filtros para la tabla `usuarios`
--
ALTER TABLE `usuarios`
  ADD CONSTRAINT `usuarios_ibfk_1` FOREIGN KEY (`id_rol`) REFERENCES `roles` (`id_rol`);

--
-- Filtros para la tabla `ventas`
--
ALTER TABLE `ventas`
  ADD CONSTRAINT `ventas_ibfk_1` FOREIGN KEY (`id_cliente`) REFERENCES `clientes` (`id_cliente`),
  ADD CONSTRAINT `ventas_ibfk_2` FOREIGN KEY (`id_usuario`) REFERENCES `usuarios` (`id_usuario`);
COMMIT;

/*!40101 SET CHARACTER_SET_CLIENT=@OLD_CHARACTER_SET_CLIENT */;
/*!40101 SET CHARACTER_SET_RESULTS=@OLD_CHARACTER_SET_RESULTS */;
/*!40101 SET COLLATION_CONNECTION=@OLD_COLLATION_CONNECTION */;
